Id|FirstName|LastName|DepartmentId
0|Giovanny|Schulist|4
50|Kyler|Robel|1
2|Audra|Hoppe|3
3|Roxanne|Hermiston|2
4|Camylle|Mayer|1
5|Nikko|Quitzon|0
6|Dusty|Wehner|2
7|Lyric|Rau|0
8|Lessie|Ritchie|4
9|Lola|Kling|3
10|Aurelia|Schmeler|0
11|Zion|Nicolas|1
12|Zechariah|Ryan|1
13|Abdullah|Funk|4
14|Buck|D'Amore|2
15|Yessenia|Parker|2
16|Kailey|Daniel|4
17|Sophia|Volkman|4
18|Winston|Jaskolski|3
19|Alf|Runte|1
20|Jackson|Becker|4
21|Cecelia|McKenzie|1
51|Jayson|Hoppe|0
23|Caterina|Schuster|2
52|Liliane|Goodwin|1
25|Kamille|O'Conner|4
26|Reese|Ratke|2
53|Sasha|Predovic|1
28|Raven|Ferry|1
29|Martin|Hamill|4
30|Gennaro|Miller|4
31|Creola|Wuckert|0
32|Kyla|Blick|1
33|Chad|Braun|4
34|Aliyah|Rice|3
35|Moriah|Durgan|3
36|Mckenna|Stoltenberg|2
37|Zoey|Bauch|2
38|Lloyd|Jast|2
39|Connie|Thompson|1
40|Lenny|Deckow|4
41|Will|Legros|0
42|Loraine|Heaney|4
43|Sabryna|Schuster|4
44|Parker|Gutmann|0
45|Aylin|Rohan|4
46|Milan|Raynor|2
47|Gilda|Steuber|2
48|Rollin|Dicki|3
49|Abe|Hermann|1
