Id|Name
0|Botsford - Huel
1|Kris, Stamm and Ullrich
2|Gutmann, Franecki and Funk
3|Wiegand Inc
4|Dach LLC
5|Dietrich LLC
6|Bogan, Thiel and Pfeffer
7|Batz, Douglas and Walker
8|Koss, Quitzon and Parker
9|Fahey, Jacobi and Hane
10|Hermann, Leuschke and Turner
11|Raynor LLC
12|Hills - Kuhlman
13|Stracke, Dickinson and Rippin
14|O'Conner Inc
15|Waelchi, Herzog and Hintz
16|Blanda, Heller and Littel
17|Hansen - Hauck
18|Friesen - Hudson
19|Blick - Glover
20|Kautzer, Aufderhar and Hayes
21|Tromp - Dare
22|Dooley - Stroman
23|Walter Inc
24|Kemmer, Roob and Stroman
25|Thiel - Rowe
26|Kutch, Abshire and Heaney
27|Kassulke - Thiel
28|Davis - Kub
29|Hoeger Inc
30|Reynolds, Kemmer and Gulgowski
31|Hilpert, Boyer and Herzog
32|Sporer - Treutel
33|MacGyver and Sons
34|Strosin, Gutkowski and Kunde
35|Walsh Group
36|Marks LLC
37|Sporer, Johns and Runolfsdottir
38|Sipes - Hagenes
39|Cormier, Beier and Schneider
40|Pagac, Toy and Stroman
41|Ziemann and Sons
42|Lakin and Sons
43|VonRueden, Goldner and Walter
44|Cruickshank, Hermann and Hoeger
45|Kutch LLC
46|Wyman Inc
47|Barrows, Schuster and Graham
48|Collins, Bernhard and Senger
49|Gorczany, Lynch and Howe
